<final>
  <ranking>
    <rank position="1">
      <contestant name="Helene-Lange-Gymnasium 2" location="Rendsburg" />
    </rank>
    <rank position="2">
      <contestant name="Friedrich-Paulsen-Schule" location="Niebüll" />
    </rank>
    <rank position="3">
      <contestant name="Helene-Lange-Gymnasium 1" location="Rendsburg" />
    </rank>
    <rank position="4">
      <contestant name="Heinrich-Heine-Schule Jg.12" location="Heikendorf" />
    </rank>
    <rank position="5">
      <contestant name="Gym am Mühlenberg" location="Bad Schwartau" />
      <contestant name="Heinrich-Heine-Schule Jg.13" location="Heikendorf" />
      <contestant name="Peter-Ustinov-Schule" location="Eckernförde" />
      <contestant name="Gym Wellingdorf Jg.13" location="Kiel" />
    </rank>
  </ranking>
  <finalStep name="half_final" from="quarter_final" order="2" use="winners">
    <match>
      <players>
        <contestant name="Helene-Lange-Gymnasium 1" location="Rendsburg" />
        <contestant name="Friedrich-Paulsen-Schule" location="Niebüll" />
      </players>
      <losers>
        <contestant name="Helene-Lange-Gymnasium 1" location="Rendsburg" />
      </losers>
      <winners>
        <contestant name="Friedrich-Paulsen-Schule" location="Niebüll" />
      </winners>
      <rounds>
        <round>
          <winner>Friedrich-Paulsen-Schule</winner>
          <replay>1274270753_log_20831.xml.gz</replay>
        </round>
        <round>
          <winner>Friedrich-Paulsen-Schule</winner>
          <replay>1274270765_log_20832.xml.gz</replay>
        </round>
        <round>
          <winner>Friedrich-Paulsen-Schule</winner>
          <replay>1274270771_log_20833.xml.gz</replay>
        </round>
        <round>
          <winner>Helene-Lange-Gymnasium 1</winner>
          <replay>1274270782_log_20834.xml.gz</replay>
        </round>
        <round>
          <winner>Helene-Lange-Gymnasium 1</winner>
          <replay>1274270789_log_20835.xml.gz</replay>
        </round>
        <round>
          <winner>Friedrich-Paulsen-Schule</winner>
          <replay>1274270800_log_20836.xml.gz</replay>
        </round>
      </rounds>
    </match>
    <match>
      <players>
        <contestant name="Heinrich-Heine-Schule Jg.12" location="Heikendorf" />
        <contestant name="Helene-Lange-Gymnasium 2" location="Rendsburg" />
      </players>
      <losers>
        <contestant name="Heinrich-Heine-Schule Jg.12" location="Heikendorf" />
      </losers>
      <winners>
        <contestant name="Helene-Lange-Gymnasium 2" location="Rendsburg" />
      </winners>
      <rounds>
        <round>
          <winner>Heinrich-Heine-Schule Jg.12</winner>
          <replay>1274270807_log_20837.xml.gz</replay>
        </round>
        <round>
          <winner>Heinrich-Heine-Schule Jg.12</winner>
          <replay>1274270818_log_20838.xml.gz</replay>
        </round>
        <round>
          <winner>Helene-Lange-Gymnasium 2</winner>
          <replay>1274270825_log_20839.xml.gz</replay>
        </round>
        <round>
          <winner>Helene-Lange-Gymnasium 2</winner>
          <replay>1274270836_log_20840.xml.gz</replay>
        </round>
        <round>
          <winner>Helene-Lange-Gymnasium 2</winner>
          <replay>1274270842_log_20841.xml.gz</replay>
        </round>
        <round>
          <winner>Heinrich-Heine-Schule Jg.12</winner>
          <replay>1274270853_log_20842.xml.gz</replay>
        </round>
      </rounds>
    </match>
  </finalStep>
  <finalStep name="final" from="half_final" order="4" use="winners">
    <match>
      <players>
        <contestant name="Friedrich-Paulsen-Schule" location="Niebüll" />
        <contestant name="Helene-Lange-Gymnasium 2" location="Rendsburg" />
      </players>
      <losers>
        <contestant name="Friedrich-Paulsen-Schule" location="Niebüll" />
      </losers>
      <winners>
        <contestant name="Helene-Lange-Gymnasium 2" location="Rendsburg" />
      </winners>
      <rounds>
        <round>
          <winner>Friedrich-Paulsen-Schule</winner>
          <replay>1274270915_log_20849.xml.gz</replay>
        </round>
        <round>
          <winner>Helene-Lange-Gymnasium 2</winner>
          <replay>1274270927_log_20850.xml.gz</replay>
        </round>
        <round>
          <winner>Helene-Lange-Gymnasium 2</winner>
          <replay>1274270933_log_20851.xml.gz</replay>
        </round>
        <round>
          <winner>Helene-Lange-Gymnasium 2</winner>
          <replay>1274270945_log_20852.xml.gz</replay>
        </round>
        <round>
          <winner>Friedrich-Paulsen-Schule</winner>
          <replay>1274270951_log_20853.xml.gz</replay>
        </round>
        <round>
          <winner>Friedrich-Paulsen-Schule</winner>
          <replay>1274270962_log_20854.xml.gz</replay>
        </round>
      </rounds>
    </match>
  </finalStep>
  <finalStep name="small_final" from="half_final" order="3" use="losers">
    <match>
      <players>
        <contestant name="Helene-Lange-Gymnasium 1" location="Rendsburg" />
        <contestant name="Heinrich-Heine-Schule Jg.12" location="Heikendorf" />
      </players>
      <losers>
        <contestant name="Heinrich-Heine-Schule Jg.12" location="Heikendorf" />
      </losers>
      <winners>
        <contestant name="Helene-Lange-Gymnasium 1" location="Rendsburg" />
      </winners>
      <rounds>
        <round>
          <winner>Helene-Lange-Gymnasium 1</winner>
          <replay>1274270861_log_20843.xml.gz</replay>
        </round>
        <round>
          <winner>Helene-Lange-Gymnasium 1</winner>
          <replay>1274270872_log_20844.xml.gz</replay>
        </round>
        <round>
          <winner>Helene-Lange-Gymnasium 1</winner>
          <replay>1274270878_log_20845.xml.gz</replay>
        </round>
        <round>
          <winner>Heinrich-Heine-Schule Jg.12</winner>
          <replay>1274270889_log_20846.xml.gz</replay>
        </round>
        <round>
          <winner>Helene-Lange-Gymnasium 1</winner>
          <replay>1274270896_log_20847.xml.gz</replay>
        </round>
        <round>
          <winner>Heinrich-Heine-Schule Jg.12</winner>
          <replay>1274270907_log_20848.xml.gz</replay>
        </round>
      </rounds>
    </match>
  </finalStep>
  <finalStep name="quarter_final" from="contest" order="1" use="best8">
    <match>
      <players>
        <contestant name="Gym am Mühlenberg" location="Bad Schwartau" />
        <contestant name="Helene-Lange-Gymnasium 1" location="Rendsburg" />
      </players>
      <losers>
        <contestant name="Gym am Mühlenberg" location="Bad Schwartau" />
      </losers>
      <winners>
        <contestant name="Helene-Lange-Gymnasium 1" location="Rendsburg" />
      </winners>
      <rounds>
        <round>
          <winner>Helene-Lange-Gymnasium 1</winner>
          <replay>1274270539_log_20807.xml.gz</replay>
        </round>
        <round>
          <winner>Helene-Lange-Gymnasium 1</winner>
          <replay>1274270547_log_20808.xml.gz</replay>
        </round>
        <round>
          <winner>Helene-Lange-Gymnasium 1</winner>
          <replay>1274270553_log_20809.xml.gz</replay>
        </round>
        <round>
          <winner>Gym am Mühlenberg</winner>
          <replay>1274270565_log_20810.xml.gz</replay>
        </round>
        <round>
          <winner>Gym am Mühlenberg</winner>
          <replay>1274270571_log_20811.xml.gz</replay>
        </round>
        <round>
          <winner>Helene-Lange-Gymnasium 1</winner>
          <replay>1274270583_log_20812.xml.gz</replay>
        </round>
      </rounds>
    </match>
    <match>
      <players>
        <contestant name="Friedrich-Paulsen-Schule" location="Niebüll" />
        <contestant name="Heinrich-Heine-Schule Jg.13" location="Heikendorf" />
      </players>
      <losers>
        <contestant name="Heinrich-Heine-Schule Jg.13" location="Heikendorf" />
      </losers>
      <winners>
        <contestant name="Friedrich-Paulsen-Schule" location="Niebüll" />
      </winners>
      <rounds>
        <round>
          <winner>Friedrich-Paulsen-Schule</winner>
          <replay>1274270589_log_20813.xml.gz</replay>
        </round>
        <round>
          <winner>Heinrich-Heine-Schule Jg.13</winner>
          <replay>1274270601_log_20814.xml.gz</replay>
        </round>
        <round>
          <winner>Friedrich-Paulsen-Schule</winner>
          <replay>1274270607_log_20815.xml.gz</replay>
        </round>
        <round>
          <winner>Friedrich-Paulsen-Schule</winner>
          <replay>1274270619_log_20816.xml.gz</replay>
        </round>
        <round>
          <winner>Heinrich-Heine-Schule Jg.13</winner>
          <replay>1274270625_log_20817.xml.gz</replay>
        </round>
        <round>
          <winner>Friedrich-Paulsen-Schule</winner>
          <replay>1274270636_log_20818.xml.gz</replay>
        </round>
      </rounds>
    </match>
    <match>
      <players>
        <contestant name="Heinrich-Heine-Schule Jg.12" location="Heikendorf" />
        <contestant name="Peter-Ustinov-Schule" location="Eckernförde" />
      </players>
      <losers>
        <contestant name="Peter-Ustinov-Schule" location="Eckernförde" />
      </losers>
      <winners>
        <contestant name="Heinrich-Heine-Schule Jg.12" location="Heikendorf" />
      </winners>
      <rounds>
        <round>
          <winner>Peter-Ustinov-Schule</winner>
          <replay>1274270643_log_20819.xml.gz</replay>
        </round>
        <round>
          <winner>Heinrich-Heine-Schule Jg.12</winner>
          <replay>1274270654_log_20820.xml.gz</replay>
        </round>
        <round>
          <winner>Heinrich-Heine-Schule Jg.12</winner>
          <replay>1274270661_log_20821.xml.gz</replay>
        </round>
        <round>
          <winner>Peter-Ustinov-Schule</winner>
          <replay>1274270672_log_20822.xml.gz</replay>
        </round>
        <round>
          <winner>Heinrich-Heine-Schule Jg.12</winner>
          <replay>1274270679_log_20823.xml.gz</replay>
        </round>
        <round>
          <winner>Heinrich-Heine-Schule Jg.12</winner>
          <replay>1274270690_log_20824.xml.gz</replay>
        </round>
      </rounds>
    </match>
    <match>
      <players>
        <contestant name="Gym Wellingdorf Jg.13" location="Kiel" />
        <contestant name="Helene-Lange-Gymnasium 2" location="Rendsburg" />
      </players>
      <losers>
        <contestant name="Gym Wellingdorf Jg.13" location="Kiel" />
      </losers>
      <winners>
        <contestant name="Helene-Lange-Gymnasium 2" location="Rendsburg" />
      </winners>
      <rounds>
        <round>
          <winner>Helene-Lange-Gymnasium 2</winner>
          <replay>1274270697_log_20825.xml.gz</replay>
        </round>
        <round>
          <winner>Gym Wellingdorf Jg.13</winner>
          <replay>1274270709_log_20826.xml.gz</replay>
        </round>
        <round>
          <winner>Gym Wellingdorf Jg.13</winner>
          <replay>1274270715_log_20827.xml.gz</replay>
        </round>
        <round>
          <winner>Helene-Lange-Gymnasium 2</winner>
          <replay>1274270726_log_20828.xml.gz</replay>
        </round>
        <round>
          <winner>Helene-Lange-Gymnasium 2</winner>
          <replay>1274270733_log_20829.xml.gz</replay>
        </round>
        <round>
          <winner>Gym Wellingdorf Jg.13</winner>
          <replay>1274270744_log_20830.xml.gz</replay>
        </round>
      </rounds>
    </match>
  </finalStep>
  <settings>
    <gameUID>swc_2010_hase_und_igel</gameUID>
    <gameName>Hase und Igel</gameName>
  </settings>
</final>
